{
  "providers": {
    "awscloudformation": {
      "AuthRoleName": "amplify-sbc-dev-155131-authRole",
      "UnauthRoleArn": "arn:aws:iam::528410819574:role/amplify-sbc-dev-155131-unauthRole",
      "AuthRoleArn": "arn:aws:iam::528410819574:role/amplify-sbc-dev-155131-authRole",
      "Region": "us-east-1",
      "DeploymentBucketName": "amplify-sbc-dev-155131-deployment",
      "UnauthRoleName": "amplify-sbc-dev-155131-unauthRole",
      "StackName": "amplify-sbc-dev-155131",
      "StackId": "arn:aws:cloudformation:us-east-1:528410819574:stack/amplify-sbc-dev-155131/bc3c9d60-8ce2-11ed-b9f8-0e9b8df04509",
      "AmplifyAppId": "d5cnbl1sr41f3"
    }
  },
  "auth": {
    "sbc007bdc82": {
      "service": "Cognito",
      "providerPlugin": "awscloudformation",
      "dependsOn": [],
      "customAuth": false,
      "frontendAuthConfig": {
        "socialProviders": [],
        "usernameAttributes": [
          "EMAIL"
        ],
        "signupAttributes": [
          "EMAIL"
        ],
        "passwordProtectionSettings": {
          "passwordPolicyMinLength": 8,
          "passwordPolicyCharacters": []
        },
        "mfaConfiguration": "OFF",
        "mfaTypes": [
          "SMS"
        ],
        "verificationMechanisms": [
          "EMAIL"
        ]
      },
      "providerMetadata": {
        "s3TemplateURL": "https://s3.amazonaws.com/amplify-sbc-dev-155131-deployment/amplify-cfn-templates/auth/sbc007bdc82-cloudformation-template.json",
        "logicalId": "authsbc007bdc82"
      },
      "lastPushTimeStamp": "2023-01-05T10:31:47.604Z",
      "output": {
        "UserPoolId": "us-east-1_4xqMLjAHr",
        "AppClientIDWeb": "42s7agk8e3r1rto3ou7f024rep",
        "AppClientID": "2p4kg8tovd9ls7r5909c3nimli",
        "IdentityPoolId": "us-east-1:bafa5fb4-6e86-4daa-93cc-9c67c93fdcfa",
        "UserPoolArn": "arn:aws:cognito-idp:us-east-1:528410819574:userpool/us-east-1_4xqMLjAHr",
        "IdentityPoolName": "sbc007bdc82_identitypool_007bdc82__dev",
        "UserPoolName": "sbc007bdc82_userpool_007bdc82"
      },
      "lastPushDirHash": "6UpN0dd5G8q6Vn/cJTIPxIxWDnI="
    }
  }
}